{ "products"   : {"currency": "€","products": [{"SKU": "0K3QOSOV4V","title": "iFhone 13 Pro","price": "938.99","qty":"1"},{"SKU": "TGD5XORY1L","title": "Cargador","price": "49.99","qty":"1"},{"SKU": "IOKW9BQ9F3","title": "Funda de piel","price": "79.99","qty":"1"},{"SKU": "GJH765JL9I","title": "Base de carga inalámbrica","price": "85.23","qty":"1"},{"SKU": "LER971GH3P","title": "Pantalla plana 10 pulgadas","price": "105.72","qty":"1"},{"SKU": "AAAAAAAAAA","title": "Mouse","price": "10.25","qty":"1"}]}
}